<?xml version="1.0" encoding="UTF-8"?>
<manifest>
	<plugin>
		<name value="My Courses Plus"/>
		<description value="My Courses Plus module."/>
		<handle value="coursesplus"/>
		<version value="9.5.2"/>
		<requires>
			<bbversion value="9.1.0"/>
		</requires>
		<vendor>
			<id value="sen"/>
			<name value="Seneca College"/>
			<url value="http://www.senecac.on.ca"/>
			<description value=""/>
		</vendor>
		<http-actions>
			<config value="config/info.jsp"/>	
			<remove value="config/remove.jsp"/>
		</http-actions>
		<module-defs>
      		<module-type ext-ref="sencoursesplus" title="My Courses Plus" uicreatable="true">
        			<jsp-dir>module</jsp-dir>
        			<jsp>
						<admin>admin/admin.jsp</admin>
          				<view>view.jsp</view>
        			</jsp>
      		</module-type>
			<module type="sencoursesplus" isadmin="true" useraddable="true" isdeletable="true" isdetachable="true" title="My Courses Plus">
				<description>View the courses in which you are participating in. </description>
				<ExtraInfo/>
				<module-groups>
					<module-group id="Everyone" />
				</module-groups>
			</module>
		</module-defs>
		<permissions>
			<permission type="blackboard.data.AttributePermission" name="user.authinfo" actions="get" />
			<permission type="blackboard.data.AttributePermission" name="user.personalinfo" actions="get" />
			<permission type="persist" name="course" actions="modify"/>
			<permission type="persist" name="*" actions="create,persist,modify,delete"/>
			<permission type="java.io.FilePermission" name="&amp;lt;&amp;lt;ALL FILES&amp;gt;&amp;gt;" actions="read,write,delete,execute"/>
		</permissions>
	</plugin>
</manifest>